CRIM;ZN;INDUS;CHAS;NOX;RM;AGE;DIS;RAD;TAX;PTRATIO;B;LSTAT;PRICE;TOWN;TOWN#;TRACT;LAT;LON
0,00632;18;2,31;0;0,538;6.575;65,2;4,09;1;296;15,3;396,9;4,98;24;Nahant;0;2011;42,255;-70,955
0,02731;0;7,07;0;0,469;6.421;78,9;49.671;2;242;17,8;396,9;9,14;21,6;Swampscott;1;2021;42,2875;-70,95
0,02729;0;7,07;0;0,469;7.185;61,1;49.671;2;242;17,8;392,83;4,03;34,7;Swampscott;1;2022;42,283;-70,936
0,03237;0;2,18;0;0,458;6.998;45,8;60.622;3;222;18,7;394,63;2,94;33,4;Marblehead;2;2031;42,293;-70,928
0,06905;0;2,18;0;0,458;7.147;54,2;60.622;3;222;18,7;396,9;5,33;36,2;Marblehead;2;2032;42,298;-70,922
0,02985;0;2,18;0;0,458;6,43;58,7;60.622;3;222;18,7;394,12;5,21;28,7;Marblehead;2;2033;42,304;-70,9165
0,08829;12,5;7,87;0;0,524;6.012;66,6;55.605;5;311;15,2;395,6;12,43;22,9;Salem;3;2041;42,297;-70,936
0,14455;12,5;7,87;0;0,524;6.172;96,1;59.505;5;311;15,2;396,9;19,15;27,1;Salem;3;2042;42,31;-70,9375
0,21124;12,5;7,87;0;0,524;5.631;100;60.821;5;311;15,2;386,63;29,93;16,5;Salem;3;2043;42,312;-70,933
0,17004;12,5;7,87;0;0,524;6.004;85,9;65.921;5;311;15,2;386,71;17,1;18,9;Salem;3;2044;42,316;-70,929
0,22489;12,5;7,87;0;0,524;6.377;94,3;63.467;5;311;15,2;392,52;20,45;15;Salem;3;2045;42,316;-70,935
0,11747;12,5;7,87;0;0,524;6.009;82,9;62.267;5;311;15,2;396,9;13,27;18,9;Salem;3;2046;42,317;-70,944
0,09378;12,5;7,87;0;0,524;5.889;39;54.509;5;311;15,2;390,5;15,71;21,7;Salem;3;2047;42,306;-70,951
0,62976;0;8,14;0;0,538;5.949;61,8;47.075;4;307;21;396,9;8,26;20,4;Lynn;4;2051;42,292;-70,9645
0,63796;0;8,14;0;0,538;6.096;84,5;44.619;4;307;21;380,02;10,26;18,2;Lynn;4;2052;42,287;-70,972
0,62739;0;8,14;0;0,538;5.834;56,5;44.986;4;307;21;395,62;8,47;19,9;Lynn;4;2053;42,294;-70,9765
105.393;0;8,14;0;0,538;5.935;29,3;44.986;4;307;21;386,85;6,58;23,1;Lynn;4;2054;42,2985;-70,987
0,7842;0;8,14;0;0,538;5,99;81,7;42.579;4;307;21;386,75;14,67;17,5;Lynn;4;2055;42,285;-70,978
0,80271;0;8,14;0;0,538;5.456;36,6;37.965;4;307;21;288,99;11,69;20,2;Lynn;4;2056;42,2825;-70,9925
0,7258;0;8,14;0;0,538;5.727;69,5;37.965;4;307;21;390,95;11,28;18,2;Lynn;4;2057;42,2776;-70,988
125.179;0;8,14;0;0,538;5,57;98,1;37.979;4;307;21;376,57;21,02;13,6;Lynn;4;2058;42,277;-70,9835
0,85204;0;8,14;0;0,538;5.965;89,2;40.123;4;307;21;392,53;13,83;19,6;Lynn;4;2059;42,281;-70,982
123.247;0;8,14;0;0,538;6.142;91,7;39.769;4;307;21;396,9;18,72;15,2;Lynn;4;2060;42,279;-70,9775
0,98843;0;8,14;0;0,538;5.813;100;40.952;4;307;21;394,54;19,88;14,5;Lynn;4;2061;42,279;-70,973
0,75026;0;8,14;0;0,538;5.924;94,1;43.996;4;307;21;394,33;16,3;15,6;Lynn;4;2062;42,2816;-70,9693
0,84054;0;8,14;0;0,538;5.599;85,7;44.546;4;307;21;303,42;16,51;13,9;Lynn;4;2063;42,284;-70,964
0,67191;0;8,14;0;0,538;5.813;90,3;4.682;4;307;21;376,88;14,81;16,6;Lynn;4;2064;42,287;-70,9597
0,95577;0;8,14;0;0,538;6.047;88,8;44.534;4;307;21;306,38;17,28;14,8;Lynn;4;2065;42,2825;-70,9597
0,77299;0;8,14;0;0,538;6.495;94,4;44.547;4;307;21;387,94;12,8;18,4;Lynn;4;2066;42,28;-70,957
100.245;0;8,14;0;0,538;6.674;87,3;4.239;4;307;21;380,23;11,98;21;Lynn;4;2067;42,278;-70,951
113.081;0;8,14;0;0,538;5.713;94,1;4.233;4;307;21;360,17;22,6;12,7;Lynn;4;2068;42,279;-70,967
135.472;0;8,14;0;0,538;6.072;100;4.175;4;307;21;376,73;13,04;14,5;Lynn;4;2069;42,2765;-70,964
138.799;0;8,14;0;0,538;5,95;82;3,99;4;307;21;232,6;27,71;13,2;Lynn;4;2070;42,2765;-70,972
115.172;0;8,14;0;0,538;5.701;95;37.872;4;307;21;358,77;18,35;13,1;Lynn;4;2071;42,276;-70,9795
161.282;0;8,14;0;0,538;6.096;96,9;37.598;4;307;21;248,31;20,34;13,5;Lynn;4;2072;42,272;-70,9775
0,06417;0;5,96;0;0,499;5.933;68,2;33.603;5;279;19,2;396,9;9,68;18,9;Sargus;5;2081;42,27;-71
0,09744;0;5,96;0;0,499;5.841;61,4;33.779;5;279;19,2;377,56;11,41;20;Sargus;5;2082;42,2745;-71,008
0,08014;0;5,96;0;0,499;5,85;41,5;39.342;5;279;19,2;396,9;8,77;21;Sargus;5;2083;42,2865;-71,004
0,17505;0;5,96;0;0,499;5.966;30,2;38.473;5;279;19,2;393,43;10,13;24,7;Sargus;5;2084;42,2875;-71,02
0,02763;75;2,95;0;0,428;6.595;21,8;54.011;3;252;18,3;395,63;4,32;30,8;Lynnfield;6;2091;42,313;-71,013
0,03359;75;2,95;0;0,428;7.024;15,8;54.011;3;252;18,3;395,62;1,98;34,9;Lynnfield;6;2092;42,324;-71,03
0,12744;0;6,91;0;0,448;6,77;2,9;57.209;3;233;17,9;385,41;4,84;26,6;Peabody;7;2101;42,335;-71,004
0,1415;0;6,91;0;0,448;6.169;6,6;57.209;3;233;17,9;383,37;5,81;25,3;Peabody;7;2102;42,3235;-71,003
0,15936;0;6,91;0;0,448;6.211;6,5;57.209;3;233;17,9;394,46;7,44;24,7;Peabody;7;2103;42,3237;-70,9775
0,12269;0;6,91;0;0,448;6.069;40;57.209;3;233;17,9;389,39;9,55;21,2;Peabody;7;2104;42,317;-70,9675
0,17142;0;6,91;0;0,448;5.682;33,8;51.004;3;233;17,9;396,9;10,21;19,3;Peabody;7;2105;42,3075;-70,9725
0,18836;0;6,91;0;0,448;5.786;33,3;51.004;3;233;17,9;396,9;14,15;20;Peabody;7;2106;42,3075;-70,965
0,22927;0;6,91;0;0,448;6,03;85,5;56.894;3;233;17,9;392,74;18,8;16,6;Peabody;7;2107;42,3125;-70,956
0,25387;0;6,91;0;0,448;5.399;95,3;5,87;3;233;17,9;396,9;30,81;14,4;Peabody;7;2108;42,3165;-70,955
0,21977;0;6,91;0;0,448;5.602;62;60.877;3;233;17,9;396,9;16,2;19,4;Peabody;7;2109;42,3208;-70,9525
0,08873;21;5,64;0;0,439;5.963;45,7;68.147;4;243;16,8;395,56;13,45;19,7;Danvers;8;2111;42,334;-70,951
0,04337;21;5,64;0;0,439;6.115;63;68.147;4;243;16,8;393,97;9,43;20,5;Danvers;8;2112;42,3382;-70,963
0,0536;21;5,64;0;0,439;6.511;21,1;68.147;4;243;16,8;396,9;5,28;25;Danvers;8;2113;42,346;-70,958
0,04981;21;5,64;0;0,439;5.998;21,4;68.147;4;243;16,8;396,9;8,43;23,4;Danvers;8;2114;42,3425;-70,978
0,0136;75;4;0;0,41;5.888;47,6;73.197;3;469;21,1;396,9;14,8;18,9;Middleton;9;2121;42,3715;-71,0175
0,01311;90;1,22;0;0,403;7.249;21,9;86.966;5;226;17,9;395,93;4,81;35,4;Topsfield;10;2141;42,381;-70,9625
0,02055;85;0,74;0;0,41;6.383;35,7;91.876;2;313;17,3;396,9;5,77;24,7;Hamilton;11;2151;42,374;-70,93
0,01432;100;1,32;0;0,411;6.816;40,5;83.248;5;256;15,1;392,9;3,95;31,6;Wenham;12;2161;42,3715;-70,9295
0,15445;25;5,13;0;0,453;6.145;29,2;78.148;8;284;19,7;390,68;6,86;23,3;Beverly;13;2171;42,346;-70,9385
0,10328;25;5,13;0;0,453;5.927;47,2;6.932;8;284;19,7;396,9;9,22;19,6;Beverly;13;2172;42,332;-70,94
0,14932;25;5,13;0;0,453;5.741;66,2;72.254;8;284;19,7;395,11;13,15;18,7;Beverly;13;2173;42,337;-70,93
0,17171;25;5,13;0;0,453;5.966;93,4;68.185;8;284;19,7;378,08;14,44;16;Beverly;13;2174;42,3275;-70,93
0,11027;25;5,13;0;0,453;6.456;67,8;72.255;8;284;19,7;396,9;6,73;22,2;Beverly;13;2175;42,332;-70,9215
0,1265;25;5,13;0;0,453;6.762;43,4;79.809;8;284;19,7;395,58;9,5;25;Beverly;13;2176;42,339;-70,9075
0,01951;17,5;1,38;0;0,4161;7.104;59,5;92.229;3;216;18,6;393,24;8,05;33;Manchester;14;2181;42,345;-70,86
0,03584;80;3,37;0;0,398;6,29;17,8;66.115;4;337;16,1;396,9;4,67;23,5;North Reading;15;3301;42,345;-71,045
0,04379;80;3,37;0;0,398;5.787;31,1;66.115;4;337;16,1;396,9;10,24;19,4;North Reading;15;3302;42,3525;-71,069
0,05789;12,5;6,07;0;0,409;5.878;21,4;6.498;4;345;18,9;396,21;8,1;22;Wilmington;16;3311;42,3362;-71,09
0,13554;12,5;6,07;0;0,409;5.594;36,8;6.498;4;345;18,9;396,9;13,09;17,4;Wilmington;16;3312;42,34;-71,108
0,12816;12,5;6,07;0;0,409;5.885;33;6.498;4;345;18,9;396,9;8,79;20,9;Wilmington;16;3313;42,327;-71,111
0,08826;0;10,81;0;0,413;6.417;6,6;52.873;4;305;19,2;383,73;6,72;24,2;Burlington;17;3321;42,316;-71,121
0,15876;0;10,81;0;0,413;5.961;17,5;52.873;4;305;19,2;376,94;9,88;21,7;Burlington;17;3322;42,3008;-71,1095
0,09164;0;10,81;0;0,413;6.065;7,8;52.873;4;305;19,2;390,91;5,52;22,8;Burlington;17;3323;42,305;-71,13
0,19539;0;10,81;0;0,413;6.245;6,2;52.873;4;305;19,2;377,17;7,54;23,4;Burlington;17;3324;42,292;-71,123
0,07896;0;12,83;0;0,437;6.273;6;42.515;5;398;18,7;394,92;6,78;24,1;Woburn;18;3331;42,289;-71,1105
0,09512;0;12,83;0;0,437;6.286;45;45.026;5;398;18,7;383,23;8,94;21,4;Woburn;18;3332;42,2875;-71,1
0,10153;0;12,83;0;0,437;6.279;74,5;40.522;5;398;18,7;373,66;11,97;20;Woburn;18;3333;42,2835;-71,09
0,08707;0;12,83;0;0,437;6,14;45,8;40.905;5;398;18,7;386,96;10,27;20,8;Woburn;18;3334;42,2895;-71,076
0,05646;0;12,83;0;0,437;6.232;53,7;50.141;5;398;18,7;386,4;12,34;21,2;Woburn;18;3335;42,295;-71,0905
0,08387;0;12,83;0;0,437;5.874;36,6;45.026;5;398;18,7;396,06;9,1;20,3;Woburn;18;3336;42,305;-71,091
0,04113;25;4,86;0;0,426;6.727;33,5;54.007;4;281;19;396,9;5,29;28;Reading;19;3341;42,308;-71,0685
0,04462;25;4,86;0;0,426;6.619;70,4;54.007;4;281;19;395,63;7,22;23,9;Reading;19;3342;42,315;-71,069
0,03659;25;4,86;0;0,426;6.302;32,2;54.007;4;281;19;396,9;6,72;24,8;Reading;19;3343;42,326;-71,0675
0,03551;25;4,86;0;0,426;6.167;46,7;54.007;4;281;19;390,64;7,51;22,9;Reading;19;3344;42,317;-71,0575
0,05059;0;4,49;0;0,449;6.389;48;47.794;3;247;18,5;396,9;9,62;23,9;Wakefield;20;3351;42,3075;-71,043
0,05735;0;4,49;0;0,449;6,63;56,1;44.377;3;247;18,5;392,3;6,53;26,6;Wakefield;20;3352;42,3;-71,05
0,05188;0;4,49;0;0,449;6.015;45,1;44.272;3;247;18,5;395,99;12,86;22,5;Wakefield;20;3353;42,305;-71,033
0,07151;0;4,49;0;0,449;6.121;56,8;37.476;3;247;18,5;395,15;8,44;22,2;Wakefield;20;3354;42,2885;-71,039
0,0566;0;3,41;0;0,489;7.007;86,3;34.217;2;270;17,8;396,9;5,5;23,6;Melrose;21;3361;42,2796;-71,042
0,05302;0;3,41;0;0,489;7.079;63,1;34.145;2;270;17,8;396,06;5,7;28,7;Melrose;21;3362;42,2785;-71,0345
0,04684;0;3,41;0;0,489;6.417;66,1;30.923;2;270;17,8;392,18;8,81;22,6;Melrose;21;3363;42,272;-71,03
0,03932;0;3,41;0;0,489;6.405;73,9;30.921;2;270;17,8;393,55;8,2;22;Melrose;21;3364;42,2715;-71,0425
0,04203;28;15,04;0;0,464;6.442;53,6;36.659;4;270;18,2;395,01;8,16;22,9;Stoneham;22;3371;42,283;-71,053
0,02875;28;15,04;0;0,464;6.211;28,9;36.659;4;270;18,2;396,33;6,21;25;Stoneham;22;3372;42,296;-71,062
0,04294;28;15,04;0;0,464;6.249;77,3;3.615;4;270;18,2;396,9;10,59;20,6;Stoneham;22;3373;42,284;-71,0615
0,12204;0;2,89;0;0,445;6.625;57,8;34.952;2;276;18;357,98;6,65;28,4;Winchester;23;3381;42,2775;-71,076
0,11504;0;2,89;0;0,445;6.163;69,6;34.952;2;276;18;391,83;11,34;21,4;Winchester;23;3382;42,2775;-71,085
0,12083;0;2,89;0;0,445;8.069;76;34.952;2;276;18;396,9;4,21;38,7;Winchester;23;3383;42,2715;-71,089
0,08187;0;2,89;0;0,445;7,82;36,9;34.952;2;276;18;393,53;3,57;43,8;Winchester;23;3384;42,2685;-71,0982
0,0686;0;2,89;0;0,445;7.416;62,5;34.952;2;276;18;396,9;6,19;33,2;Winchester;23;3385;42,268;-71,08
0,14866;0;8,56;0;0,52;6.727;79,9;27.778;5;384;20,9;394,76;9,42;27,5;Medford;24;3391;42,2545;-71,0668
0,11432;0;8,56;0;0,52;6.781;71,3;28.561;5;384;20,9;395,58;7,67;26,5;Medford;24;3392;42,245;-71,081
0,22876;0;8,56;0;0,52;6.405;85,4;27.147;5;384;20,9;70,8;10,63;18,6;Medford;24;3393;42,2515;-71,0812
0,21161;0;8,56;0;0,52;6.137;87,4;27.147;5;384;20,9;394,47;13,44;19,3;Medford;24;3394;42,249;-71,077
0,1396;0;8,56;0;0,52;6.167;90;2.421;5;384;20,9;392,69;12,33;20,1;Medford;24;3395;42,248;-71,069
0,13262;0;8,56;0;0,52;5.851;96,7;21.069;5;384;20,9;394,05;16,47;19,5;Medford;24;3396;42,2425;-71,0662
0,1712;0;8,56;0;0,52;5.836;91,9;2.211;5;384;20,9;395,67;18,66;19,5;Medford;24;3397;42,2431;-71,0622
0,13117;0;8,56;0;0,52;6.127;85,2;21.224;5;384;20,9;387,69;14,09;20,4;Medford;24;3398;42,2465;-71,0553
0,12802;0;8,56;0;0,52;6.474;97,1;24.329;5;384;20,9;395,24;12,27;19,8;Medford;24;3399;42,2505;-71,055
0,26363;0;8,56;0;0,52;6.229;91,2;25.451;5;384;20,9;391,23;15,55;19,4;Medford;24;3400;42,254;-71,06
0,10793;0;8,56;0;0,52;6.195;54,4;27.778;5;384;20,9;393,49;13;21,7;Medford;24;3401;42,2605;-71,056
0,10084;0;10,01;0;0,547;6.715;81,6;26.775;6;432;17,8;395,59;10,16;22,8;Malden;25;3411;42,261;-71,0475
0,12329;0;10,01;0;0,547;5.913;92,9;23.534;6;432;17,8;394,95;16,21;18,8;Malden;25;3412;42,253;-71,049
0,22212;0;10,01;0;0,547;6.092;95,4;2.548;6;432;17,8;396,9;17,09;18,7;Malden;25;3413;42,258;-71,0428
0,14231;0;10,01;0;0,547;6.254;84,2;22.565;6;432;17,8;388,74;10,45;18,5;Malden;25;3414;42,2512;-71,0396
0,17134;0;10,01;0;0,547;5.928;88,2;24.631;6;432;17,8;344,91;15,76;18,3;Malden;25;3415;42,2545;-71,0355
0,13158;0;10,01;0;0,547;6.176;72,5;27.301;6;432;17,8;393,3;12,04;21,2;Malden;25;3416;42,2608;-71,036
0,15098;0;10,01;0;0,547;6.021;82,6;27.474;6;432;17,8;394,51;10,3;19,2;Malden;25;3417;42,262;-71,0285
0,13058;0;10,01;0;0,547;5.872;73,1;24.775;6;432;17,8;338,63;15,37;20,4;Malden;25;3418;42,258;-71,0285
0,14476;0;10,01;0;0,547;5.731;65,2;27.592;6;432;17,8;391,5;13,61;19,3;Malden;25;3419;42,2605;-71,019
0,06899;0;25,65;0;0,581;5,87;69,7;22.577;2;188;19,1;389,15;14,37;22;Everett;26;3421;42,2483;-71,0243
0,07165;0;25,65;0;0,581;6.004;84,1;21.974;2;188;19,1;377,67;14,27;20,3;Everett;26;3422;42,2505;-71,0312
0,09299;0;25,65;0;0,581;5.961;92,9;20.869;2;188;19,1;378,09;17,93;20,5;Everett;26;3423;42,247;-71,0377
0,15038;0;25,65;0;0,581;5.856;97;19.444;2;188;19,1;370,31;25,41;17,3;Everett;26;3424;42,2435;-71,037
0,09849;0;25,65;0;0,581;5.879;95,8;20.063;2;188;19,1;379,38;17,58;18,8;Everett;26;3425;42,245;-71,0308
0,16902;0;25,65;0;0,581;5.986;88,4;19.929;2;188;19,1;385,02;14,81;21,4;Everett;26;3426;42,2431;-71,0262
0,38735;0;25,65;0;0,581;5.613;95,6;17.572;2;188;19,1;359,29;27,26;15,7;Everett;26;3427;42,2395;-71,0333
0,25915;0;21,89;0;0,624;5.693;96;17.883;4;437;21,2;392,11;17,19;16,2;Somerville;27;3501;42,2355;-71,053
0,32543;0;21,89;0;0,624;6.431;98,8;18.125;4;437;21,2;396,9;15,39;18;Somerville;27;3502;42,235;-71,058
0,88125;0;21,89;0;0,624;5.637;94,7;19.799;4;437;21,2;396,9;18,34;14,3;Somerville;27;3503;42,2368;-71,0638
0,34006;0;21,89;0;0,624;6.458;98,9;21.185;4;437;21,2;395,04;12,6;19,2;Somerville;27;3504;42,239;-71,0692
119.294;0;21,89;0;0,624;6.326;97,7;2.271;4;437;21,2;396,9;12,26;19,6;Somerville;27;3505;42,24;-71,075
0,59005;0;21,89;0;0,624;6.372;97,9;23.274;4;437;21,2;385,76;11,12;23;Somerville;27;3506;42,2405;-71,0745
0,32982;0;21,89;0;0,624;5.822;95,4;24.699;4;437;21,2;388,69;15,03;18,4;Somerville;27;3507;42,245;-71,079
0,97617;0;21,89;0;0,624;5.757;98,4;2.346;4;437;21,2;262,76;17,31;15,6;Somerville;27;3508;42,2405;-71,076
0,55778;0;21,89;0;0,624;6.335;98,2;21.107;4;437;21,2;394,67;16,96;18,1;Somerville;27;3509;42,2362;-71,075
0,32264;0;21,89;0;0,624;5.942;93,5;19.669;4;437;21,2;378,25;16,9;17,4;Somerville;27;3510;42,2335;-71,0677
0,35233;0;21,89;0;0,624;6.454;98,4;18.498;4;437;21,2;394,08;14,59;17,1;Somerville;27;3511;42,2325;-71,063
0,2498;0;21,89;0;0,624;5.857;98,2;16.686;4;437;21,2;392,04;21,32;13,3;Somerville;27;3512;42,2275;-71,062
0,54452;0;21,89;0;0,624;6.151;97,9;16.687;4;437;21,2;396,9;18,46;17,8;Somerville;27;3513;42,23;-71,0568
0,2909;0;21,89;0;0,624;6.174;93,6;16.119;4;437;21,2;388,08;24,16;14;Somerville;27;3514;42,2312;-71,0518
162.864;0;21,89;0;0,624;5.019;100;14.394;4;437;21,2;396,9;34,41;14,4;Somerville;27;3515;42,2265;-71,0543
332.105;0;19,58;1;0,871;5.403;100;13.216;5;403;14,7;396,9;26,82;13,4;Cambridge;28;3521;42,2222;-71,048
40.974;0;19,58;0;0,871;5.468;100;14.118;5;403;14,7;396,9;26,42;15,6;Cambridge;28;3522;42,223;-71,0519
277.974;0;19,58;0;0,871;4.903;97,8;13.459;5;403;14,7;396,9;29,29;11,8;Cambridge;28;3523;42,2205;-71,051
237.934;0;19,58;0;0,871;6,13;100;14.191;5;403;14,7;172,91;27,8;13,8;Cambridge;28;3524;42,219;-71,054
215.505;0;19,58;0;0,871;5.628;100;15.166;5;403;14,7;169,27;16,65;15,6;Cambridge;28;3525;42,221;-71,059
236.862;0;19,58;0;0,871;4.926;95,7;14.608;5;403;14,7;391,71;29,53;14,6;Cambridge;28;3526;42,2222;-71,0555
233.099;0;19,58;0;0,871;5.186;93,8;15.296;5;403;14,7;356,99;28,32;17,8;Cambridge;28;3527;42,224;-71,0567
273.397;0;19,58;0;0,871;5.597;94,9;15.257;5;403;14,7;351,85;21,45;15,4;Cambridge;28;3528;42,223;-71,058
16.566;0;19,58;0;0,871;6.122;97,3;1.618;5;403;14,7;372,8;14,1;21,5;Cambridge;28;3529;42,2236;-71,062
149.632;0;19,58;0;0,871;5.404;100;15.916;5;403;14,7;341,6;13,28;19,6;Cambridge;28;3530;42,2205;-71,0622
112.658;0;19,58;1;0,871;5.012;88;16.102;5;403;14,7;343,28;12,12;15,3;Cambridge;28;3531;42,217;-71,059
214.918;0;19,58;0;0,871;5.709;98,5;16.232;5;403;14,7;261,95;15,79;19,4;Cambridge;28;3532;42,215;-71,0645
141.385;0;19,58;1;0,871;6.129;96;17.494;5;403;14,7;321,02;15,12;17;Cambridge;28;3533;42,2162;-71,0662
353.501;0;19,58;1;0,871;6.152;82,6;17.455;5;403;14,7;88,01;15,02;15,6;Cambridge;28;3534;42,215;-71,068
244.668;0;19,58;0;0,871;5.272;94;17.364;5;403;14,7;88,63;16,14;13,1;Cambridge;28;3535;42,22;-71,0667
122.358;0;19,58;0;0,605;6.943;97,4;18.773;5;403;14,7;363,43;4,59;41,3;Cambridge;28;3536;42,2285;-71,069
134.284;0;19,58;0;0,605;6.066;100;17.573;5;403;14,7;353,89;6,43;24,3;Cambridge;28;3537;42,2245;-71,067
142.502;0;19,58;0;0,871;6,51;100;17.659;5;403;14,7;364,31;7,39;23,3;Cambridge;28;3538;42,2223;-71,065
127.346;0;19,58;1;0,605;6,25;92,6;17.984;5;403;14,7;338,92;5,5;27;Cambridge;28;3539;42,2214;-71,07
146.336;0;19,58;0;0,605;7.489;90,8;19.709;5;403;14,7;374,43;1,73;50;Cambridge;28;3540;42,2282;-71,0735
183.377;0;19,58;1;0,605;7.802;98,2;20.407;5;403;14,7;389,61;1,92;50;Cambridge;28;3541;42,225;-71,077
151.902;0;19,58;1;0,605;8.375;93,9;2.162;5;403;14,7;388,45;3,32;50;Cambridge;28;3542;42,225;-71,0815
224.236;0;19,58;0;0,605;5.854;91,8;2.422;5;403;14,7;395,11;11,64;22,7;Cambridge;28;3543;42,2265;-71,0918
2.924;0;19,58;0;0,605;6.101;93;22.834;5;403;14,7;240,16;9,81;25;Cambridge;28;3544;42,2295;-71,082
201.019;0;19,58;0;0,605;7.929;96,2;20.459;5;403;14,7;369,3;3,7;50;Cambridge;28;3545;42,2305;-71,077
180.028;0;19,58;0;0,605;5.877;79,2;24.259;5;403;14,7;227,61;12,14;23,8;Cambridge;28;3546;42,2345;-71,0866
23.004;0;19,58;0;0,605;6.319;96,1;2,1;5;403;14,7;297,09;11,1;23,8;Cambridge;28;3547;42,2331;-71,074
244.953;0;19,58;0;0,605;6.402;95,2;22.625;5;403;14,7;330,04;11,32;22,3;Cambridge;28;3548;42,2351;-71,0775
120.742;0;19,58;0;0,605;5.875;94,6;24.259;5;403;14,7;292,29;14,43;17,4;Cambridge;28;3549;42,2368;-71,081
23.139;0;19,58;0;0,605;5,88;97,3;23.887;5;403;14,7;348,13;12,03;19,1;Cambridge;28;3550;42,239;-71,0792
0,13914;0;4,05;0;0,51;5.572;88,5;25.961;5;296;16,6;396,9;14,69;23,1;Arlington;29;3561;42,2416;-71,087
0,09178;0;4,05;0;0,51;6.416;84,1;26.463;5;296;16,6;395,5;9,04;23,6;Arlington;29;3562;42,245;-71,0855
0,08447;0;4,05;0;0,51;5.859;68,7;27.019;5;296;16,6;393,23;9,64;22,6;Arlington;29;3563;42,2475;-71,0833
0,06664;0;4,05;0;0,51;6.546;33,1;31.323;5;296;16,6;390,96;5,33;29,4;Arlington;29;3564;42,2575;-71,094
0,07022;0;4,05;0;0,51;6,02;47,2;35.549;5;296;16,6;393,23;10,11;23,2;Arlington;29;3565;42,255;-71,1125
0,05425;0;4,05;0;0,51;6.315;73,4;33.175;5;296;16,6;395,6;6,29;24,6;Arlington;29;3566;42,2512;-71,106
0,06642;0;4,05;0;0,51;6,86;74,4;29.153;5;296;16,6;391,27;6,92;29,9;Arlington;29;3567;42,247;-71,0965
0,0578;0;2,46;0;0,488;6,98;58,4;2.829;3;193;17,8;396,9;5,04;37,2;Belmont;30;3571;42,2408;-71,1
0,06588;0;2,46;0;0,488;7.765;83,3;2.741;3;193;17,8;395,56;7,56;39,8;Belmont;30;3572;42,2345;-71,0995
0,06888;0;2,46;0;0,488;6.144;62,2;25.979;3;193;17,8;396,9;9,45;36,2;Belmont;30;3573;42,2282;-71,0966
0,09103;0;2,46;0;0,488;7.155;92,2;27.006;3;193;17,8;394,12;4,82;37,9;Belmont;30;3574;42,2287;-71,1005
0,10008;0;2,46;0;0,488;6.563;95,6;2.847;3;193;17,8;396,9;5,68;32,5;Belmont;30;3575;42,23;-71,1065
0,08308;0;2,46;0;0,488;5.604;89,8;29.879;3;193;17,8;391;13,98;26,4;Belmont;30;3576;42,23;-71,112
0,06047;0;2,46;0;0,488;6.153;68,8;32.797;3;193;17,8;387,11;13,15;29,6;Belmont;30;3577;42,235;-71,1175
0,05602;0;2,46;0;0,488;7.831;53,6;31.992;3;193;17,8;392,63;4,45;50;Belmont;30;3578;42,2442;-71,1115
0,07875;45;3,44;0;0,437;6.782;41,1;37.886;5;398;15,2;393,87;6,68;32;Lexington;31;3581;42,2565;-71,122
0,12579;45;3,44;0;0,437;6.556;29,1;45.667;5;398;15,2;382,84;4,56;29,8;Lexington;31;3583;42,255;-71,1408
0,0837;45;3,44;0;0,437;7.185;38,9;45.667;5;398;15,2;396,9;5,39;34,9;Lexington;31;3584;42,2651;-71,145
0,09068;45;3,44;0;0,437;6.951;21,5;64.798;5;398;15,2;377,68;5,1;37;Lexington;31;3585;42,27;-71,1216
0,06911;45;3,44;0;0,437;6.739;30,8;64.798;5;398;15,2;389,71;4,69;30,5;Lexington;31;3586;42,2765;-71,1485
0,08664;45;3,44;0;0,437;7.178;26,3;64.798;5;398;15,2;390,49;2,87;36,4;Lexington;31;3587;42,2785;-71,134
0,02187;60;2,93;0;0,401;6,8;9,9;62.196;1;265;15,6;393,37;5,03;31,1;Bedford;32;3591;42,3;-71,1525
0,01439;60;2,93;0;0,401;6.604;18,8;62.196;1;265;15,6;376,7;4,38;29,1;Bedford;32;3592;42,303;-71,1633
0,01381;80;0,46;0;0,422;7.875;32;56.484;4;255;14,4;394,23;2,97;50;Lincoln;33;3602;42,2525;-71,189
0,04011;80;1,52;0;0,404;7.287;34,1;7.309;2;329;12,6;396,9;4,08;33,3;Concord;34;3611;42,2715;-71,22
0,04666;80;1,52;0;0,404;7.107;36,6;7.309;2;329;12,6;354,31;8,61;30,3;Concord;34;3612;42,2725;-71,24
0,03768;80;1,52;0;0,404;7.274;38,3;7.309;2;329;12,6;392,2;6,62;34,6;Concord;34;3613;42,289;-71,222
0,0315;95;1,47;0;0,403;6.975;15,3;76.534;3;402;17;396,9;4,56;34,9;Sudbury;35;3651;42,2425;-71,244
0,01778;95;1,47;0;0,403;7.135;13,9;76.534;3;402;17;384,3;4,45;32,9;Sudbury;35;3652;42,2225;-71,263
0,03445;82,5;2,03;0;0,415;6.162;38,4;6,27;2;348;14,7;393,77;7,43;24,1;Wayland;36;3661;42,1955;-71,2185
0,02177;82,5;2,03;0;0,415;7,61;15,7;6,27;2;348;14,7;395,38;3,11;42,3;Wayland;36;3662;42,218;-71,214
0,0351;95;2,68;0;0,4161;7.853;33,2;5.118;4;224;14,7;392,78;3,81;48,5;Weston;37;3671;42,232;-71,199
0,02009;95;2,68;0;0,4161;8.034;31,9;5.118;4;224;14,7;390,55;2,88;50;Weston;37;3672;42,2058;-71,199
0,13642;0;10,59;0;0,489;5.891;22,3;39.454;4;277;18,6;396,9;10,87;22,6;Waltham;38;3681;42,2445;-71,1475
0,22969;0;10,59;0;0,489;6.326;52,5;43.549;4;277;18,6;394,87;10,97;24,4;Waltham;38;3682;42,2308;-71,15
0,25199;0;10,59;0;0,489;5.783;72,7;43.549;4;277;18,6;389,43;18,06;22,5;Waltham;38;3683;42,2268;-71,149
0,13587;0;10,59;1;0,489;6.064;59,1;42.392;4;277;18,6;381,32;14,66;24,4;Waltham;38;3684;42,222;-71,1503
0,43571;0;10,59;1;0,489;5.344;100;3.875;4;277;18,6;396,9;23,09;20;Waltham;38;3685;42,2217;-71,143
0,17446;0;10,59;1;0,489;5,96;92,1;38.771;4;277;18,6;393,25;17,27;21,7;Waltham;38;3686;42,2177;-71,1435
0,37578;0;10,59;1;0,489;5.404;88,6;3.665;4;277;18,6;395,24;23,98;19,3;Waltham;38;3687;42,2216;-71,138
0,21719;0;10,59;1;0,489;5.807;53,8;36.526;4;277;18,6;390,94;16,03;22,4;Waltham;38;3688;42,225;-71,1335
0,14052;0;10,59;0;0,489;6.375;32,3;39.454;4;277;18,6;385,81;9,38;28,1;Waltham;38;3689;42,2355;-71,1375
0,28955;0;10,59;0;0,489;5.412;9,8;35.875;4;277;18,6;348,93;29,55;23,7;Waltham;38;3690;42,235;-71,127
0,19802;0;10,59;0;0,489;6.182;42,4;39.454;4;277;18,6;393,63;9,47;25;Waltham;38;3691;42,2277;-71,1245
0,0456;0;13,89;1;0,55;5.888;56;31.121;5;276;16,4;392,8;13,51;23,3;Watertown;39;3701;42,223;-71,1166
0,07013;0;13,89;0;0,55;6.642;85,1;34.211;5;276;16,4;392,78;9,69;28,7;Watertown;39;3702;42,2235;-71,105
0,11069;0;13,89;1;0,55;5.951;93,8;28.893;5;276;16,4;396,9;17,92;21,5;Watertown;39;3703;42,222;-71,0933
0,11425;0;13,89;1;0,55;6.373;92,4;33.633;5;276;16,4;393,74;10,5;23;Watertown;39;3704;42,2185;-71,106
0,35809;0;6,2;1;0,507;6.951;88,5;28.617;8;307;17,4;391,7;9,71;26,7;Newton;40;3731;42,2137;-71,11
0,40771;0;6,2;1;0,507;6.164;91,3;3.048;8;307;17,4;395,24;21,46;21,7;Newton;40;3732;42,2166;-71,121
0,62356;0;6,2;1;0,507;6.879;77,7;32.721;8;307;17,4;390,39;9,93;27,5;Newton;40;3733;42,2134;-71,125
0,6147;0;6,2;0;0,507;6.618;80,8;32.721;8;307;17,4;396,9;7,6;30,1;Newton;40;3734;42,2183;-71,1208
0,31533;0;6,2;0;0,504;8.266;78,3;28.944;8;307;17,4;385,05;4,14;44,8;Newton;40;3735;42,206;-71,11
0,52693;0;6,2;0;0,504;8.725;83;28.944;8;307;17,4;382;4,63;50;Newton;40;3736;42,1975;-71,1012
0,38214;0;6,2;0;0,504;8,04;86,5;32.157;8;307;17,4;387,38;3,13;37,6;Newton;40;3737;42,2025;-71,1215
0,41238;0;6,2;0;0,504;7.163;79,9;32.157;8;307;17,4;372,08;6,36;31,6;Newton;40;3738;42,1947;-71,116
0,29819;0;6,2;0;0,504;7.686;17;33.751;8;307;17,4;377,51;3,92;46,7;Newton;40;3739;42,185;-71,11
0,44178;0;6,2;0;0,504;6.552;21,4;33.751;8;307;17,4;380,34;3,76;31,5;Newton;40;3740;42,1807;-71,119
0,537;0;6,2;0;0,504;5.981;68,1;36.715;8;307;17,4;378,35;11,65;24,3;Newton;40;3741;42,188;-71,13
0,46296;0;6,2;0;0,504;7.412;76,9;36.715;8;307;17,4;376,14;5,25;31,7;Newton;40;3742;42,193;-71,1285
0,57529;0;6,2;0;0,507;8.337;73,3;38.384;8;307;17,4;385,91;2,47;41,7;Newton;40;3743;42,1946;-71,14
0,33147;0;6,2;0;0,507;8.247;70,4;36.519;8;307;17,4;378,95;3,95;48,3;Newton;40;3744;42,204;-71,134
0,44791;0;6,2;1;0,507;6.726;66,5;36.519;8;307;17,4;360,2;8,05;29;Newton;40;3745;42,2142;-71,132
0,33045;0;6,2;0;0,507;6.086;61,5;36.519;8;307;17,4;376,75;10,88;24;Newton;40;3746;42,2141;-71,138
0,52058;0;6,2;1;0,507;6.631;76,5;4.148;8;307;17,4;388,45;9,54;25,1;Newton;40;3747;42,211;-71,1485
0,51183;0;6,2;0;0,507;7.358;71,6;4.148;8;307;17,4;390,07;4,73;31,5;Newton;40;3748;42,203;-71,1491
0,08244;30;4,93;0;0,428;6.481;18,5;61.899;6;300;16,6;379,41;6,36;23,7;Natick;41;3821;42,1875;-71,2055
0,09252;30;4,93;0;0,428;6.606;42,2;61.899;6;300;16,6;383,78;7,37;23,3;Natick;41;3822;42,187;-71,2035
0,11329;30;4,93;0;0,428;6.897;54,3;63.361;6;300;16,6;391,25;11,38;22;Natick;41;3823;42,164;-71,1966
0,10612;30;4,93;0;0,428;6.095;65,1;63.361;6;300;16,6;394,62;12,4;20,1;Natick;41;3824;42,1645;-71,2138
0,1029;30;4,93;0;0,428;6.358;52,9;70.355;6;300;16,6;372,75;11,22;22,2;Natick;41;3825;42,1782;-71,22
0,12757;30;4,93;0;0,428;6.393;7,8;70.355;6;300;16,6;374,71;5,19;23,7;Natick;41;3826;42,1725;-71,232
0,20608;22;5,86;0;0,431;5.593;76,5;79.549;7;330;19,1;372,49;12,5;17,6;Framingham;42;3831;42,163;-71,2435
0,19133;22;5,86;0;0,431;5.605;70,2;79.549;7;330;19,1;389,13;18,46;18,5;Framingham;42;3832;42,1618;-71,2575
0,33983;22;5,86;0;0,431;6.108;34,9;80.555;7;330;19,1;390,18;9,16;24,3;Framingham;42;3833;42,169;-71,262
0,19657;22;5,86;0;0,431;6.226;79,2;80.555;7;330;19,1;376,14;10,15;20,5;Framingham;42;3834;42,1703;-71,247
0,16439;22;5,86;0;0,431;6.433;49,1;78.265;7;330;19,1;374,71;9,52;24,5;Framingham;42;3835;42,1767;-71,255
0,19073;22;5,86;0;0,431;6.718;17,5;78.265;7;330;19,1;393,74;6,56;26,2;Framingham;42;3836;42,1825;-71,2475
0,1403;22;5,86;0;0,431;6.487;13;73.967;7;330;19,1;396,28;5,9;24,4;Framingham;42;3837;42,191;-71,238
0,21409;22;5,86;0;0,431;6.438;8,9;73.967;7;330;19,1;377,07;3,59;24,8;Framingham;42;3838;42,1982;-71,2435
0,08221;22;5,86;0;0,431;6.957;6,8;89.067;7;330;19,1;386,09;3,53;29,6;Framingham;42;3839;42,1935;-71,2685
0,36894;22;5,86;0;0,431;8.259;8,4;89.067;7;330;19,1;396,9;3,54;42,8;Framingham;42;3840;42,1727;-71,2807
0,04819;80;3,64;0;0,392;6.108;32;92.203;1;315;16,4;392,89;6,57;21,9;Ashland;43;3851;42,1575;-71,2895
0,03548;80;3,64;0;0,392;5.876;19,1;92.203;1;315;16,4;395,18;9,25;20,9;Ashland;43;3852;42,1482;-71,269
0,01538;90;3,75;0;0,394;7.454;34,2;63.361;3;244;15,9;386,34;3,11;44;Sherborn;44;3861;42,145;-71,223
0,61154;20;3,97;0;0,647;8.704;86,9;1.801;5;264;13;389,7;5,12;50;Brookline;45;4001;42,2073;-71,0679
0,66351;20;3,97;0;0,647;7.333;100;18.946;5;264;13;383,29;7,79;36;Brookline;45;4002;42,2077;-71,0727
0,65665;20;3,97;0;0,647;6.842;100;20.107;5;264;13;391,93;6,9;30,1;Brookline;45;4003;42,2075;-71,0765
0,54011;20;3,97;0;0,647;7.203;81,8;21.121;5;264;13;392,8;9,59;33,8;Brookline;45;4004;42,204;-71,08
0,53412;20;3,97;0;0,647;7,52;89,4;21.398;5;264;13;388,37;7,26;43,1;Brookline;45;4005;42,202;-71,079
0,52014;20;3,97;0;0,647;8.398;91,5;22.885;5;264;13;386,86;5,91;48,8;Brookline;45;4006;42,2;-71,0835
0,82526;20;3,97;0;0,647;7.327;94,5;20.788;5;264;13;393,42;11,25;31;Brookline;45;4007;42,198;-71,075
0,55007;20;3,97;0;0,647;7.206;91,6;19.301;5;264;13;387,89;8,1;36,5;Brookline;45;4008;42,203;-71,071
0,76162;20;3,97;0;0,647;5,56;62,8;19.865;5;264;13;392,4;10,45;22,8;Brookline;45;4009;42,2;-71,07
0,7857;20;3,97;0;0,647;7.014;84,6;21.329;5;264;13;384,07;14,79;30,7;Brookline;45;4010;42,1965;-71,0725
0,57834;20;3,97;0;0,575;8.297;67;24.216;5;264;13;384,54;7,44;50;Brookline;45;4011;42,1925;-71,085
0,5405;20;3,97;0;0,575;7,47;52,6;2.872;5;264;13;390,3;3,16;43,5;Brookline;45;4012;42,2075;-71,0925
0,09065;20;6,96;1;0,464;5,92;61,5;39.175;3;223;18,6;391,34;13,65;20,7;Dedham;46;4021;42,154;-71,098
0,29916;20;6,96;0;0,464;5.856;42,1;4.429;3;223;18,6;388,65;13;21,1;Dedham;46;4022;42,141;-71,087
0,16211;20;6,96;0;0,464;6,24;16,3;4.429;3;223;18,6;396,9;6,59;25,2;Dedham;46;4023;42,1355;-71,094
0,1146;20;6,96;0;0,464;6.538;58,7;39.175;3;223;18,6;394,96;7,73;24,4;Dedham;46;4024;42,1445;-71,0982
0,22188;20;6,96;1;0,464;7.691;51,8;43.665;3;223;18,6;390,77;6,58;35,2;Dedham;46;4025;42,151;-71,117
0,05644;40;6,41;1;0,447;6.758;32,9;40.776;4;254;17,6;396,9;3,53;32,4;Needham;47;4031;42,1675;-71,1305
0,09604;40;6,41;0;0,447;6.854;42,8;42.673;4;254;17,6;396,9;2,98;32;Needham;47;4032;42,1733;-71,138
0,10469;40;6,41;1;0,447;7.267;49;47.872;4;254;17,6;389,25;6,05;33,2;Needham;47;4033;42,1632;-71,1405
0,06127;40;6,41;1;0,447;6.826;27,6;48.628;4;254;17,6;393,45;4,16;33,1;Needham;47;4034;42,173;-71,1495
0,07978;40;6,41;0;0,447;6.482;32,1;41.403;4;254;17,6;396,9;7,19;29,1;Needham;47;4035;42,1813;-71,1395
0,21038;20;3,33;0;0,4429;6.812;32,2;41.007;5;216;14,9;396,9;4,85;35,1;Wellesley;48;4041;42,188;-71,148
0,03578;20;3,33;0;0,4429;7,82;64,5;46.947;5;216;14,9;387,31;3,76;45,4;Wellesley;48;4042;42,187;-71,166
0,03705;20;3,33;0;0,4429;6.968;37,2;52.447;5;216;14,9;392,23;4,59;35,4;Wellesley;48;4043;42,1848;-71,185
0,06129;20;3,33;1;0,4429;7.645;49,7;52.119;5;216;14,9;377,07;3,01;46;Wellesley;48;4044;42,1735;-71,1775
0,01501;90;1,21;1;0,401;7.923;24,8;5.885;1;198;13,6;395,52;3,16;50;Dover;49;4051;42,1475;-71,173
0,00906;90;2,97;0;0,4;7.088;20,8;73.073;1;285;15,3;394,72;7,85;32,2;Medfield;50;4061;42,1105;-71,18
0,01096;55;2,25;0;0,389;6.453;31,9;73.073;1;300;15,3;394,72;8,23;22;Millis;51;4071;42,1;-71,2135
0,01965;80;1,76;0;0,385;6,23;31,5;90.892;1;241;18,2;341,6;12,93;20,1;Norfolk;52;4091;42,0675;-71,195
0,03871;52,5;5,32;0;0,405;6.209;31,3;73.172;6;293;16,6;396,9;7,14;23,2;Walpole;53;4111;42,0775;-71,148
0,0459;52,5;5,32;0;0,405;6.315;45,6;73.172;6;293;16,6;396,9;7,6;22,3;Walpole;53;4112;42,094;-71,1325
0,04297;52,5;5,32;0;0,405;6.565;22,9;73.172;6;293;16,6;371,72;9,51;24,8;Walpole;53;4113;42,098;-71,155
0,03502;80;4,95;0;0,411;6.861;27,9;51.167;4;245;19,2;396,9;3,33;28,5;Westwood;54;4121;42,1235;-71,1385
0,07886;80;4,95;0;0,411;7.148;27,7;51.167;4;245;19,2;396,9;3,56;37,3;Westwood;54;4122;42,1408;-71,133
0,03615;80;4,95;0;0,411;6,63;23,4;51.167;4;245;19,2;396,9;4,7;27,9;Westwood;54;4123;42,1307;-71,107
0,08265;0;13,92;0;0,437;6.127;18,4;55.027;4;289;16;396,9;8,58;23,9;Norwood;55;4131;42,11;-71,109
0,08199;0;13,92;0;0,437;6.009;42,3;55.027;4;289;16;396,9;10,4;21,7;Norwood;55;4132;42,1217;-71,118
0,12932;0;13,92;0;0,437;6.678;31,1;59.604;4;289;16;396,9;6,27;28,6;Norwood;55;4133;42,1166;-71,1309
0,05372;0;13,92;0;0,437;6.549;51;59.604;4;289;16;392,85;7,39;27,1;Norwood;55;4134;42,1108;-71,128
0,14103;0;13,92;0;0,437;5,79;58;6,32;4;289;16;396,9;15,84;20,3;Norwood;55;4135;42,1025;-71,121
0,06466;70;2,24;0;0,4;6.345;20,1;78.278;5;358;14,8;368,24;4,97;22,5;Sharon;56;4141;42,0725;-71,12
0,05561;70;2,24;0;0,4;7.041;10;78.278;5;358;14,8;371,58;4,74;29;Sharon;56;4142;42,059;-71,1
0,04417;70;2,24;0;0,4;6.871;47,4;78.278;5;358;14,8;390,86;6,07;24,8;Sharon;56;4143;42,0735;-71,1035
0,03537;34;6,09;0;0,433;6,59;40,4;54.917;7;329;16,1;395,75;9,5;22;Canton;57;4151;42,095;-71,0875
0,09266;34;6,09;0;0,433;6.495;18,4;54.917;7;329;16,1;383,61;8,67;26,4;Canton;57;4152;42,102;-71,0625
0,1;34;6,09;0;0,433;6.982;17,7;54.917;7;329;16,1;390,43;4,86;33,1;Canton;57;4153;42,12;-71,0865
0,05515;33;2,18;0;0,472;7.236;41,1;4.022;7;222;18,4;393,68;6,93;36,1;Milton;58;4161;42,145;-71,0465
0,05479;33;2,18;0;0,472;6.616;58,1;3,37;7;222;18,4;393,36;8,93;28,4;Milton;58;4162;42,1525;-71,057
0,07503;33;2,18;0;0,472;7,42;71,9;30.992;7;222;18,4;396,9;6,47;33,4;Milton;58;4163;42,159;-71,045
0,04932;33;2,18;0;0,472;6.849;70,3;31.827;7;222;18,4;396,9;7,53;28,2;Milton;58;4164;42,1565;-71,028
0,49298;0;9,9;0;0,544;6.635;82,5;33.175;4;304;18,4;396,9;4,54;22,8;Quincy;59;4171;42,1555;-71,0138
0,3494;0;9,9;0;0,544;5.972;76,7;31.025;4;304;18,4;396,24;9,97;20,3;Quincy;59;4172;42,16;-71,0201
263.548;0;9,9;0;0,544;4.973;37,8;25.194;4;304;18,4;350,45;12,64;16,1;Quincy;59;4173;42,176;-71,016
0,79041;0;9,9;0;0,544;6.122;52,8;26.403;4;304;18,4;396,9;5,98;22,1;Quincy;59;4174;42,178;-71,0075
0,26169;0;9,9;0;0,544;6.023;90,4;2.834;4;304;18,4;396,3;11,72;19,4;Quincy;59;4175;42,167;-71,015
0,26938;0;9,9;0;0,544;6.266;82,8;32.628;4;304;18,4;393,39;7,9;21,6;Quincy;59;4176;42,1613;-71,0075
0,3692;0;9,9;0;0,544;6.567;87,3;36.023;4;304;18,4;395,69;9,28;23,8;Quincy;59;4177;42,153;-71
0,25356;0;9,9;0;0,544;5.705;77,7;3.945;4;304;18,4;396,42;11,5;16,2;Quincy;59;4178;42,158;-70,9795
0,31827;0;9,9;0;0,544;5.914;83,2;39.986;4;304;18,4;390,7;18,33;17,8;Quincy;59;4179;42,1485;-70,988
0,24522;0;9,9;0;0,544;5.782;71,7;40.317;4;304;18,4;396,9;15,94;19,8;Quincy;59;4180;42,1425;-71,004
0,40202;0;9,9;0;0,544;6.382;67,2;35.325;4;304;18,4;395,21;10,36;23,1;Quincy;59;4181;42,15;-71,01
0,47547;0;9,9;0;0,544;6.113;58,8;40.019;4;304;18,4;396,23;12,73;21;Quincy;59;4182;42,151;-71,02
0,1676;0;7,38;0;0,493;6.426;52,3;45.404;5;287;19,6;396,9;7,2;23,8;Braintree;60;4191;42,129;-71,0085
0,18159;0;7,38;0;0,493;6.376;54,3;45.404;5;287;19,6;396,9;6,87;23,1;Braintree;60;4192;42,134;-70,9975
0,35114;0;7,38;0;0,493;6.041;49,9;47.211;5;287;19,6;396,9;7,7;20,4;Braintree;60;4193;42,1367;-70,99
0,28392;0;7,38;0;0,493;5.708;74,3;47.211;5;287;19,6;391,13;11,74;18,5;Braintree;60;4194;42,1375;-70,9834
0,34109;0;7,38;0;0,493;6.415;40,1;47.211;5;287;19,6;396,9;6,12;25;Braintree;60;4195;42,1265;-70,9895
0,19186;0;7,38;0;0,493;6.431;14,7;54.159;5;287;19,6;393,68;5,08;24,6;Braintree;60;4196;42,1066;-71
0,30347;0;7,38;0;0,493;6.312;28,9;54.159;5;287;19,6;396,9;6,15;23;Braintree;60;4197;42,1175;-70,9995
0,24103;0;7,38;0;0,493;6.083;43,7;54.159;5;287;19,6;396,9;12,79;22,2;Braintree;60;4198;42,1215;-71,01
0,06617;0;3,24;0;0,46;5.868;25,8;52.146;4;430;16,9;382,44;9,97;19,3;Randolph;61;4201;42,113;-71,0275
0,06724;0;3,24;0;0,46;6.333;17,2;52.146;4;430;16,9;375,21;7,34;22,6;Randolph;61;4202;42,115;-71,0415
0,04544;0;3,24;0;0,46;6.144;32,2;58.736;4;430;16,9;368,57;9,09;19,8;Randolph;61;4203;42,098;-71,025
0,05023;35;6,06;0;0,4379;5.706;28,4;66.407;1;304;16,9;394,02;12,43;17,1;Holbrook;62;4211;42,0865;-71,0115
0,03466;35;6,06;0;0,4379;6.031;23,3;66.407;1;304;16,9;362,25;7,83;19,4;Holbrook;62;4212;42,0895;-70,996
0,05083;0;5,19;0;0,515;6.316;38,1;64.584;5;224;20,2;389,71;5,68;22,2;Weymouth;63;4221;42,0995;-70,9795
0,03738;0;5,19;0;0,515;6,31;38,5;64.584;5;224;20,2;389,4;6,75;20,7;Weymouth;63;4222;42,101;-70,965
0,03961;0;5,19;0;0,515;6.037;34,5;59.853;5;224;20,2;396,9;8,01;21,1;Weymouth;63;4223;42,115;-70,97
0,03427;0;5,19;0;0,515;5.869;46,3;52.311;5;224;20,2;396,9;9,8;19,5;Weymouth;63;4224;42,128;-70,976
0,03041;0;5,19;0;0,515;5.895;59,6;5.615;5;224;20,2;394,81;10,56;18,5;Weymouth;63;4225;42,127;-70,9602
0,03306;0;5,19;0;0,515;6.059;37,3;48.122;5;224;20,2;396,14;8,51;20,6;Weymouth;63;4226;42,1374;-70,9633
0,05497;0;5,19;0;0,515;5.985;45,4;48.122;5;224;20,2;396,9;9,74;19;Weymouth;63;4227;42,144;-70,9675
0,06151;0;5,19;0;0,515;5.968;58,5;48.122;5;224;20,2;396,9;9,29;18,7;Weymouth;63;4228;42,1503;-70,965
0,01301;35;1,52;0;0,442;7.241;49,3;70.379;1;284;15,5;394,74;5,49;32,7;Cohasset;64;4231;42,1465;-70,8875
0,02498;0;1,89;0;0,518;6,54;59,7;62.669;1;422;15,9;389,96;8,65;16,5;Hull;65;5001;42,16;-70,915
0,02543;55;3,78;0;0,484;6.696;56,4;57.321;5;370;17,6;396,9;7,18;23,9;Hingham;66;5011;42,1475;-70,937
0,03049;55;3,78;0;0,484;6.874;28,1;64.654;5;370;17,6;387,97;4,61;31,2;Hingham;66;5012;42,123;-70,9325
0,03113;0;4,39;0;0,442;6.014;48,5;80.136;3;352;18,8;385,64;10,53;17,5;Rockland;67;5021;42,0725;-70,947
0,06162;0;4,39;0;0,442;5.898;52,3;80.136;3;352;18,8;364,61;12,67;17,2;Rockland;67;5022;42,0825;-70,9501
0,0187;85;4,15;0;0,429;6.516;27,7;85.353;4;351;17,9;392,43;6,36;23,1;Hanover;68;5031;42,0795;-70,9275
0,01501;80;2,01;0;0,435;6.635;29,7;8.344;4;280;17;390,94;5,99;24,5;Norwell;69;5041;42,1016;-70,92
0,02899;40;1,25;0;0,429;6.939;34,5;87.921;1;335;19,7;389,85;5,89;26,6;Scituate;70;5051;42,13;-70,855
0,06211;40;1,25;0;0,429;6,49;44,4;87.921;1;335;19,7;396,9;5,98;22,9;Scituate;70;5052;42,115;-70,833
0,0795;60;1,69;0;0,411;6.579;35,9;107.103;4;411;18,3;370,78;5,49;24,1;Marshfield;71;5061;42,0775;-70,83
0,07244;60;1,69;0;0,411;5.884;18,5;107.103;4;411;18,3;392,33;7,79;18,6;Marshfield;71;5062;42,059;-70,81
0,01709;90;2,02;0;0,41;6.728;36,1;121.265;5;187;17;384,46;4,5;30,1;Duxbury;72;5071;42,0485;-70,83
0,04301;80;1,91;0;0,413;5.663;21,9;105.857;4;334;22;382,8;8,05;18,2;Pembroke;73;5081;42,052;-70,853
0,10659;80;1,91;0;0,413;5.936;19,5;105.857;4;334;22;376,04;5,57;20,6;Pembroke;73;5082;42,03;-70,8525
898.296;0;18,1;1;0,77;6.212;97,4;21.222;24;666;20,2;377,73;17,6;17,8;Boston Allston-Brighton;74;1;42,2172;-71,083
38.497;0;18,1;1;0,77;6.395;91;25.052;24;666;20,2;391,34;13,27;21,7;Boston Allston-Brighton;74;2;42,212;-71,095
520.177;0;18,1;1;0,77;6.127;83,4;27.227;24;666;20,2;395,43;11,48;22,7;Boston Allston-Brighton;74;3;42,21;-71,1007
426.131;0;18,1;0;0,77;6.112;81,3;25.091;24;666;20,2;390,74;12,67;22,6;Boston Allston-Brighton;74;4;42,207;-71,093
454.192;0;18,1;0;0,77;6.398;88;25.182;24;666;20,2;374,56;7,79;25;Boston Allston-Brighton;74;5;42,2033;-71,0905
383.684;0;18,1;0;0,77;6.251;91,1;22.955;24;666;20,2;350,65;14,19;19,9;Boston Allston-Brighton;74;6;42,21;-71,0865
367.822;0;18,1;0;0,77;5.362;96,2;21.036;24;666;20,2;380,79;10,19;20,8;Boston Allston-Brighton;74;7;42,208;-71,081
422.239;0;18,1;1;0,77;5.803;89;19.047;24;666;20,2;353,04;14,64;16,8;Boston Allston-Brighton;74;8;42,215;-71,0865
347.428;0;18,1;1;0,718;8,78;82,9;19.047;24;666;20,2;354,55;5,29;21,9;Boston Back Bay;75;101;42,2098;-71,059
455.587;0;18,1;0;0,718;3.561;87,9;16.132;24;666;20,2;354,7;7,12;27,5;Boston Back Bay;75;102;42,2075;-71,0595
369.695;0;18,1;0;0,718;4.963;91,4;17.523;24;666;20,2;316,03;14;21,9;Boston Back Bay;75;104;42,2052;-71,054
135.222;0;18,1;0;0,631;3.863;100;15.106;24;666;20,2;131,42;13,33;23,1;Boston Back Bay;75;105;42,207;-71,0508
489.822;0;18,1;0;0,631;4,97;100;13.325;24;666;20,2;375,52;3,26;50;Boston Back Bay;75;107;42,2105;-71,048
566.998;0;18,1;1;0,631;6.683;96,8;13.567;24;666;20,2;375,33;3,73;50;Boston Back Bay;75;108;42,2125;-71,0497
653.876;0;18,1;1;0,631;7.016;97,5;12.024;24;666;20,2;392,05;2,96;50;Boston Beacon Hill;76;201;42,2144;-71,0422
92.323;0;18,1;0;0,631;6.216;100;11.691;24;666;20,2;366,15;9,53;50;Boston Beacon Hill;76;202;42,216;-71,0417
826.725;0;18,1;1;0,668;5.875;89,6;11.296;24;666;20,2;347,88;8,88;50;Boston Beacon Hill;76;203;42,2182;-71,0397
111.081;0;18,1;0;0,668;4.906;100;11.742;24;666;20,2;396,9;34,77;13,8;Boston North End;77;301;42,2207;-71,0339
184.982;0;18,1;0;0,668;4.138;100;1.137;24;666;20,2;396,9;37,97;13,8;Boston North End;77;302;42,2187;-71,0346
196.091;0;18,1;0;0,671;7.313;97,9;13.163;24;666;20,2;396,9;13,44;15;Boston Charlestown;78;401;42,224;-71,0367
15.288;0;18,1;0;0,671;6.649;93,3;13.449;24;666;20,2;363,02;23,24;13,9;Boston Charlestown;78;402;42,226;-71,034
982.349;0;18,1;0;0,671;6.794;98,8;1.358;24;666;20,2;396,9;21,24;13,3;Boston Charlestown;78;403;42,2265;-71,038
236.482;0;18,1;0;0,671;6,38;96,2;13.861;24;666;20,2;396,9;23,69;13,1;Boston Charlestown;78;404;42,2248;-71,04
178.667;0;18,1;0;0,671;6.223;100;13.861;24;666;20,2;393,74;21,78;10,2;Boston Charlestown;78;405;42,2275;-71,04
889.762;0;18,1;0;0,671;6.968;91,9;14.165;24;666;20,2;396,9;17,21;10,4;Boston Charlestown;78;406;42,23;-71,046
158.744;0;18,1;0;0,671;6.545;99,1;15.192;24;666;20,2;396,9;21,08;10,9;Boston East Boston;79;407;42,229;-71,041
918.702;0;18,1;0;0,7;5.536;100;15.804;24;666;20,2;396,9;23,6;11,3;Boston East Boston;79;501;42,2287;-71,023
799.248;0;18,1;0;0,7;5,52;100;15.331;24;666;20,2;396,9;24,56;12,3;Boston East Boston;79;502;42,227;-71,0215
200.849;0;18,1;0;0,7;4.368;91,2;14.395;24;666;20,2;285,83;30,63;8,8;Boston East Boston;79;503;42,2235;-71,0245
168.118;0;18,1;0;0,7;5.277;98,1;14.261;24;666;20,2;396,9;30,81;7,2;Boston East Boston;79;504;42,2213;-71,0235
243.938;0;18,1;0;0,7;4.652;100;14.672;24;666;20,2;396,9;28,28;10,5;Boston East Boston;79;506;42,2231;-71,0228
225.971;0;18,1;0;0,7;5;89,5;15.184;24;666;20,2;396,9;31,99;7,4;Boston East Boston;79;507;42,2248;-71,0215
143.337;0;18,1;0;0,7;4,88;100;15.895;24;666;20,2;372,92;30,62;10,2;Boston East Boston;79;508;42,2255;-71,0195
815.174;0;18,1;0;0,7;5,39;98,9;17.281;24;666;20,2;396,9;20,85;11,5;Boston East Boston;79;509;42,2281;-71,0168
696.215;0;18,1;0;0,7;5.713;97;19.265;24;666;20,2;394,43;17,11;15,1;Boston East Boston;79;510;42,23;-71,0109
529.305;0;18,1;0;0,7;6.051;82,5;21.678;24;666;20,2;378,38;18,76;23,2;Boston East Boston;79;511;42,233;-71,0035
115.779;0;18,1;0;0,7;5.036;97;1,77;24;666;20,2;396,9;25,68;9,7;Boston East Boston;79;512;42,2205;-71,02
864.476;0;18,1;0;0,693;6.193;92,6;17.912;24;666;20,2;396,9;15,17;13,8;Boston South Boston;80;601;42,201;-71,0167
133.598;0;18,1;0;0,693;5.887;94,7;17.821;24;666;20,2;396,9;16,35;12,7;Boston South Boston;80;602;42,1993;-71,02
871.675;0;18,1;0;0,693;6.471;98,8;17.257;24;666;20,2;391,98;17,12;13,1;Boston South Boston;80;603;42,1996;-71,022
587.205;0;18,1;0;0,693;6.405;96;16.768;24;666;20,2;396,9;19,37;12,5;Boston South Boston;80;604;42,1993;-71,026
767.202;0;18,1;0;0,693;5.747;98,9;16.334;24;666;20,2;393,1;19,92;8,5;Boston South Boston;80;605;42,2024;-71,025
383.518;0;18,1;0;0,693;5.453;100;14.896;24;666;20,2;396,9;30,59;5;Boston South Boston;80;606;42,209;-71,023
991.655;0;18,1;0;0,693;5.852;77,8;15.004;24;666;20,2;338,16;29,97;6,3;Boston South Boston;80;607;42,2032;-71,033
250.461;0;18,1;0;0,693;5.987;100;15.888;24;666;20,2;396,9;26,77;5,6;Boston South Boston;80;608;42,2011;-71,0326
142.362;0;18,1;0;0,693;6.343;100;15.741;24;666;20,2;396,9;20,32;7,2;Boston South Boston;80;609;42,2015;-71,03
959.571;0;18,1;0;0,693;6.404;100;1.639;24;666;20,2;376,11;20,31;12,1;Boston South Boston;80;610;42,1988;-71,03
248.017;0;18,1;0;0,693;5.349;96;17.028;24;666;20,2;396,9;19,77;8,3;Boston South Boston;80;612;42,198;-71,0332
415.292;0;18,1;0;0,693;5.531;85,4;16.074;24;666;20,2;329,46;27,38;8,5;Boston South Boston;80;613;42,2001;-71,0345
679.208;0;18,1;0;0,693;5.683;100;14.254;24;666;20,2;384,97;22,98;5;Boston South Boston;80;614;42,2057;-71,032
207.162;0;18,1;0;0,659;4.138;100;11.781;24;666;20,2;370,22;23,34;11,9;Boston Downtown;81;702;42,2198;-71,039
119.511;0;18,1;0;0,659;5.608;100;12.852;24;666;20,2;332,09;12,13;27,9;Boston Downtown;81;703;42,209;-71,0427
740.389;0;18,1;0;0,597;5.617;97,9;14.547;24;666;20,2;314,64;26,4;17,2;Boston Downtown;81;705;42,205;-71,0437
144.383;0;18,1;0;0,597;6.852;100;14.655;24;666;20,2;179,36;19,78;27,5;Boston Downtown;81;706;42,206;-71,0455
511.358;0;18,1;0;0,597;5.757;100;1.413;24;666;20,2;2,6;10,11;15;Boston Downtown;81;707;42,2075;-71,0462
140.507;0;18,1;0;0,597;6.657;100;15.275;24;666;20,2;35,05;21,22;17,2;Boston Downtown;81;708;42,2048;-71,0487
18.811;0;18,1;0;0,597;4.628;100;15.539;24;666;20,2;28,79;34,37;17,9;Boston Downtown;81;709;42,203;-71,047
286.558;0;18,1;0;0,597;5.155;100;15.894;24;666;20,2;210,97;20,08;16,3;Boston Downtown;81;710;42,2015;-71,0451
457.461;0;18,1;0;0,693;4.519;100;16.582;24;666;20,2;88,27;36,98;7;Boston Roxbury;82;801;42,1985;-71,042
180.846;0;18,1;0;0,679;6.434;100;18.347;24;666;20,2;27,25;29,05;7,2;Boston Roxbury;82;802;42,1953;-71,0455
108.342;0;18,1;0;0,679;6.782;90,8;18.195;24;666;20,2;21,57;25,79;7,5;Boston Roxbury;82;803;42,1965;-71,0477
259.406;0;18,1;0;0,679;5.304;89,1;16.475;24;666;20,2;127,36;26,64;10,4;Boston Roxbury;82;805;42,2007;-71,0498
735.341;0;18,1;0;0,679;5.957;100;18.026;24;666;20,2;16,45;20,62;8,8;Boston Roxbury;82;807;42,1989;-71,0525
118.123;0;18,1;0;0,718;6.824;76,5;1.794;24;666;20,2;48,45;22,74;8,4;Boston Roxbury;82;808;42,1999;-71,0586
110.874;0;18,1;0;0,718;6.411;100;18.589;24;666;20,2;318,75;15,02;16,7;Boston Roxbury;82;809;42,199;-71,0618
702.259;0;18,1;0;0,718;6.006;95,3;18.746;24;666;20,2;319,98;15,7;14,2;Boston Roxbury;82;810;42,2018;-71,065
120.482;0;18,1;0;0,614;5.648;87,6;19.512;24;666;20,2;291,55;14,1;20,8;Boston Roxbury;82;811;42,197;-71,0665
705.042;0;18,1;0;0,614;6.103;85,1;20.218;24;666;20,2;2,52;23,29;13,4;Boston Roxbury;82;812;42,1948;-71,0619
879.212;0;18,1;0;0,584;5.565;70,6;20.635;24;666;20,2;3,65;17,16;11,7;Boston Roxbury;82;813;42,192;-71,059
158.603;0;18,1;0;0,679;5.896;95,4;19.096;24;666;20,2;7,68;24,39;8,3;Boston Roxbury;82;814;42,1967;-71,0577
122.472;0;18,1;0;0,584;5.837;59,7;19.976;24;666;20,2;24,65;15,69;10,2;Boston Roxbury;82;815;42,1937;-71,0558
376.619;0;18,1;0;0,679;6.202;78,7;18.629;24;666;20,2;18,82;14,52;10,9;Boston Roxbury;82;816;42,1961;-71,0542
736.711;0;18,1;0;0,679;6.193;78,1;19.356;24;666;20,2;96,73;21,52;11;Boston Roxbury;82;817;42,194;-71,0521
933.889;0;18,1;0;0,679;6,38;95,6;19.682;24;666;20,2;60,72;24,08;9,5;Boston Roxbury;82;818;42,192;-71,0485
849.213;0;18,1;0;0,584;6.348;86,1;20.527;24;666;20,2;83,45;17,64;14,5;Boston Roxbury;82;819;42,189;-71,0547
100.623;0;18,1;0;0,584;6.833;94,3;20.882;24;666;20,2;81,33;19,69;14,1;Boston Roxbury;82;820;42,188;-71,0505
644.405;0;18,1;0;0,584;6.425;74,8;22.004;24;666;20,2;97,95;12,03;16,1;Boston Roxbury;82;821;42,1854;-71,052
558.107;0;18,1;0;0,713;6.436;87,9;23.158;24;666;20,2;100,19;16,22;14,3;Boston Savin Hill;83;901;42,1815;-71,0495
139.134;0;18,1;0;0,713;6.208;95;22.222;24;666;20,2;100,63;15,17;11,7;Boston Savin Hill;83;902;42,1842;-71,0475
111.604;0;18,1;0;0,74;6.629;94,6;21.247;24;666;20,2;109,85;23,27;13,4;Boston Savin Hill;83;903;42,1867;-71,046
144.208;0;18,1;0;0,74;6.461;93,3;20.026;24;666;20,2;27,49;18,05;9,6;Boston Savin Hill;83;904;42,1893;-71,0455
151.772;0;18,1;0;0,74;6.152;100;19.142;24;666;20,2;9,32;26,45;8,7;Boston Savin Hill;83;905;42,1917;-71,0445
136.781;0;18,1;0;0,74;5.935;87,9;18.206;24;666;20,2;68,95;34,02;8,4;Boston Savin Hill;83;906;42,1938;-71,0445
939.063;0;18,1;0;0,74;5.627;93,9;18.172;24;666;20,2;396,9;22,88;12,8;Boston Savin Hill;83;907;42,194;-71,037
220.511;0;18,1;0;0,74;5.818;92,4;18.662;24;666;20,2;391,45;22,11;10,5;Boston Savin Hill;83;908;42,1925;-71,0321
972.418;0;18,1;0;0,74;6.406;97,2;20.651;24;666;20,2;385,96;19,52;17,1;Boston Savin Hill;83;910;42,185;-71,0345
566.637;0;18,1;0;0,74;6.219;100;20.048;24;666;20,2;395,69;16,59;18,4;Boston Savin Hill;83;911;42,189;-71,034
996.654;0;18,1;0;0,74;6.485;100;19.784;24;666;20,2;386,73;18,85;15,4;Boston Savin Hill;83;912;42,1892;-71,0378
128.023;0;18,1;0;0,74;5.854;96,6;18.956;24;666;20,2;240,52;23,79;10,8;Boston Savin Hill;83;913;42,192;-71,0405
106.718;0;18,1;0;0,74;6.459;94,8;19.879;24;666;20,2;43,06;23,98;11,8;Boston Savin Hill;83;914;42,189;-71,0425
628.807;0;18,1;0;0,74;6.341;96,4;2.072;24;666;20,2;318,01;17,79;14,9;Boston Savin Hill;83;915;42,1868;-71,039
992.485;0;18,1;0;0,74;6.251;96,6;2.198;24;666;20,2;388,52;16,44;12,6;Boston Savin Hill;83;916;42,184;-71,037
932.909;0;18,1;0;0,713;6.185;98,7;22.616;24;666;20,2;396,9;18,13;14,1;Boston Savin Hill;83;917;42,182;-71,04
752.601;0;18,1;0;0,713;6.417;98,3;2.185;24;666;20,2;304,21;19,31;13;Boston Savin Hill;83;918;42,1845;-71,0428
671.772;0;18,1;0;0,713;6.749;92,6;23.236;24;666;20,2;0,32;17,44;13,4;Boston Savin Hill;83;919;42,181;-71,046
544.114;0;18,1;0;0,713;6.655;98,2;23.552;24;666;20,2;355,29;17,73;15,2;Boston Savin Hill;83;920;42,1795;-71,041
509.017;0;18,1;0;0,713;6.297;91,8;23.682;24;666;20,2;385,09;17,27;16,1;Boston Savin Hill;83;921;42,179;-71,034
824.809;0;18,1;0;0,713;7.393;99,3;24.527;24;666;20,2;375,87;16,74;17,8;Boston Savin Hill;83;922;42,177;-71,04
951.363;0;18,1;0;0,713;6.728;94,1;24.961;24;666;20,2;6,68;18,71;14,9;Boston Savin Hill;83;923;42,1768;-71,0455
475.237;0;18,1;0;0,713;6.525;86,5;24.358;24;666;20,2;50,92;18,13;14,1;Boston Savin Hill;83;924;42,178;-71,051
466.883;0;18,1;0;0,713;5.976;87,9;25.806;24;666;20,2;10,48;19,01;12,7;Boston Dorchester;84;1001;42,1735;-71,0517
820.058;0;18,1;0;0,713;5.936;80,3;27.792;24;666;20,2;3,5;16,94;13,5;Boston Dorchester;84;1002;42,17;-71,0515
775.223;0;18,1;0;0,713;6.301;83,7;27.831;24;666;20,2;272,21;16,23;14,9;Boston Dorchester;84;1003;42,169;-71,0475
680.117;0;18,1;0;0,713;6.081;84,4;27.175;24;666;20,2;396,9;14,7;20;Boston Dorchester;84;1004;42,169;-71,043
481.213;0;18,1;0;0,713;6.701;90;25.975;24;666;20,2;255,23;16,42;16,4;Boston Dorchester;84;1005;42,1728;-71,043
369.311;0;18,1;0;0,713;6.376;88,4;25.671;24;666;20,2;391,43;14,65;17,7;Boston Dorchester;84;1006;42,1745;-71,035
665.492;0;18,1;0;0,713;6.317;83;27.344;24;666;20,2;396,9;13,99;19,5;Boston Dorchester;84;1007;42,1695;-71,031
582.115;0;18,1;0;0,713;6.513;89,9;28.016;24;666;20,2;393,82;10,29;20,2;Boston Dorchester;84;1008;42,1675;-71,0358
783.932;0;18,1;0;0,655;6.209;65,4;29.634;24;666;20,2;396,9;13,22;21,4;Boston Dorchester;84;1009;42,164;-71,045
31.636;0;18,1;0;0,655;5.759;48,2;30.665;24;666;20,2;334,4;14,13;19,9;Boston Dorchester;84;1010;42,165;-71,055
377.498;0;18,1;0;0,655;5.952;84,7;28.715;24;666;20,2;22,01;17,15;19;Boston Dorchester;84;1011;42,1685;-71,055
442.228;0;18,1;0;0,584;6.003;94,5;25.403;24;666;20,2;331,29;21,32;19,1;Boston Mattapan;85;1101;42,178;-71,066
155.757;0;18,1;0;0,58;5.926;71;29.084;24;666;20,2;368,74;18,13;19,1;Boston Mattapan;85;1102;42,168;-71,07
130.751;0;18,1;0;0,58;5.713;56,7;28.237;24;666;20,2;396,9;14,76;20,1;Boston Mattapan;85;1103;42,1725;-71,069
434.879;0;18,1;0;0,58;6.167;84;30.334;24;666;20,2;396,9;16,29;19,9;Boston Mattapan;85;1104;42,168;-71,074
403.841;0;18,1;0;0,532;6.229;90,7;30.993;24;666;20,2;395,33;12,87;19,6;Boston Mattapan;85;1105;42,1698;-71,0825
356.868;0;18,1;0;0,58;6.437;75;28.965;24;666;20,2;393,37;14,36;23,2;Boston Mattapan;85;1106;42,175;-71,0833
464.689;0;18,1;0;0,614;6,98;67,6;25.329;24;666;20,2;374,68;11,66;29,8;Boston Forest Hills;86;1201;42,184;-71,0732
805.579;0;18,1;0;0,584;5.427;95,4;24.298;24;666;20,2;352,58;18,14;13,8;Boston Forest Hills;86;1202;42,183;-71,055
639.312;0;18,1;0;0,584;6.162;97,4;2.206;24;666;20,2;302,76;24,1;13,3;Boston Forest Hills;86;1203;42,1879;-71,0511
487.141;0;18,1;0;0,614;6.484;93,6;23.053;24;666;20,2;396,21;18,68;16,7;Boston Forest Hills;86;1204;42,188;-71,0565
150.234;0;18,1;0;0,614;5.304;97,3;21.007;24;666;20,2;349,48;24,91;12;Boston Forest Hills;86;1205;42,192;-71,0528
10.233;0;18,1;0;0,614;6.185;96,7;21.705;24;666;20,2;379,7;18,03;14,6;Boston Forest Hills;86;1206;42,1913;-71,0558
143.337;0;18,1;0;0,614;6.229;88;19.512;24;666;20,2;383,32;13,11;21,4;Boston Forest Hills;86;1207;42,1945;-71,067
582.401;0;18,1;0;0,532;6.242;64,7;34.242;24;666;20,2;396,9;10,74;23;Boston West Roxbury;87;1301;42,174;-71,1008
570.818;0;18,1;0;0,532;6,75;74,9;33.317;24;666;20,2;393,07;7,74;23,7;Boston West Roxbury;87;1302;42,173;-71,095
573.116;0;18,1;0;0,532;7.061;77;34.106;24;666;20,2;395,28;7,01;25;Boston West Roxbury;87;1303;42,1665;-71,09
281.838;0;18,1;0;0,532;5.762;40,3;40.983;24;666;20,2;392,92;10,42;21,8;Boston West Roxbury;87;1304;42,1608;-71,0975
237.857;0;18,1;0;0,583;5.871;41,9;3.724;24;666;20,2;370,73;13,34;20,6;Boston Hyde Park;88;1401;42,154;-71,0804
367.367;0;18,1;0;0,583;6.312;51,9;39.917;24;666;20,2;388,62;10,58;21,2;Boston Hyde Park;88;1402;42,1455;-71,075
569.175;0;18,1;0;0,583;6.114;79,8;35.459;24;666;20,2;392,68;14,98;19,1;Boston Hyde Park;88;1403;42,155;-71,0715
483.567;0;18,1;0;0,583;5.905;53,2;31.523;24;666;20,2;388,22;11,45;20,6;Boston Hyde Park;88;1404;42,161;-71,065
0,15086;0;27,74;0;0,609;5.454;92,7;18.209;4;711;20,1;395,09;18,06;15,2;Chelsea;89;1601;42,2344;-71,0189
0,18337;0;27,74;0;0,609;5.414;98,3;17.554;4;711;20,1;344,05;23,97;7;Chelsea;89;1602;42,2335;-71,0228
0,20746;0;27,74;0;0,609;5.093;98;18.226;4;711;20,1;318,43;29,68;8,1;Chelsea;89;1604;42,2368;-71,0245
0,10574;0;27,74;0;0,609;5.983;98,8;18.681;4;711;20,1;390,11;18,07;13,6;Chelsea;89;1605;42,2382;-71,016
0,11132;0;27,74;0;0,609;5.983;83,5;21.099;4;711;20,1;396,9;13,35;20,1;Chelsea;89;1606;42,2447;-71,0297
0,17331;0;9,69;0;0,585;5.707;54;23.817;6;391;19,2;396,9;12,01;21,8;Revere;90;1701;42,2462;-71,0125
0,27957;0;9,69;0;0,585;5.926;42,6;23.817;6;391;19,2;396,9;13,59;24,5;Revere;90;1702;42,25;-71,0125
0,17899;0;9,69;0;0,585;5,67;28,8;27.986;6;391;19,2;393,29;17,6;23,1;Revere;90;1703;42,2547;-71,0105
0,2896;0;9,69;0;0,585;5,39;72,9;27.986;6;391;19,2;396,9;21,14;19,7;Revere;90;1704;42,2525;-71,001
0,26838;0;9,69;0;0,585;5.794;70,6;28.927;6;391;19,2;396,9;14,1;18,3;Revere;90;1705;42,2496;-70,9947
0,23912;0;9,69;0;0,585;6.019;65,3;24.091;6;391;19,2;396,9;12,92;21,2;Revere;90;1706;42,2455;-71,005
0,17783;0;9,69;0;0,585;5.569;73,5;23.999;6;391;19,2;395,77;15,1;17,5;Revere;90;1707;42,243;-70,9985
0,22438;0;9,69;0;0,585;6.027;79,7;24.982;6;391;19,2;396,9;14,33;16,8;Revere;90;1708;42,238;-70,992
0,06263;0;11,93;0;0,573;6.593;69,1;24.786;1;273;21;391,99;9,67;22,4;Winthrop;91;1801;42,2312;-70,986
0,04527;0;11,93;0;0,573;6,12;76,7;22.875;1;273;21;396,9;9,08;20,6;Winthrop;91;1802;42,2275;-70,991
0,06076;0;11,93;0;0,573;6.976;91;21.675;1;273;21;396,9;5,64;23,9;Winthrop;91;1803;42,226;-70,9948
0,10959;0;11,93;0;0,573;6.794;89,3;23.889;1;273;21;393,45;6,48;22;Winthrop;91;1804;42,224;-70,9875
0,04741;0;11,93;0;0,573;6,03;80,8;2.505;1;273;21;396,9;7,88;11,9;Winthrop;91;1805;42,221;-70,9825
